{"cameraMode":{"drawMode":0,"name":"Shaded","section":"Shading Mode"},"sceneLighting":false,"audioPlay":false,"sceneViewState":{"showFog":true,"showMaterialUpdate":false,"showSkybox":true,"showFlares":true,"showImageEffects":true,"showParticleSystems":true},"in2DMode":false,"pivot":{"x":46.11455154418945,"y":-6.976439476013184,"z":-54.245975494384769},"rotation":{"x":0.03086221031844616,"y":0.9333887100219727,"z":-0.08282173424959183,"w":0.3478127121925354},"size":78.2790756225586,"orthographic":false}