{"cameraMode":{"drawMode":0,"name":"Shaded","section":"Shading Mode"},"sceneLighting":false,"audioPlay":false,"sceneViewState":{"showFog":true,"showMaterialUpdate":false,"showSkybox":true,"showFlares":true,"showImageEffects":true,"showParticleSystems":true},"in2DMode":false,"pivot":{"x":0.0,"y":0.42056071758270266,"z":1.1920928955078126e-7},"rotation":{"x":-0.16315454244613648,"y":0.05148700997233391,"z":-0.00852662231773138,"w":-0.9852192997932434},"size":4.104421615600586,"orthographic":false}